id,conversation_id,created_at,date,time,timezone,user_id,username,name,place,tweet,language,mentions,urls,photos,replies_count,retweets_count,likes_count,hashtags,cashtags,link,retweet,quote_url,video,thumbnail,near,geo,source,user_rt_id,user_rt,retweet_id,reply_to,retweet_date,translate,trans_src,trans_dest
1371249785018200070,1371238699606933506,2021-03-14 18:59:59 CDT,2021-03-14,18:59:59,-0500,1007386078964277248,karinamnezes,cacheada,,@guvtz GraÃ§as a Deus vivemos essa sala antes do covid,pt,[],[],[],1,0,1,[],[],https://twitter.com/karinamnezes/status/1371249785018200070,False,,0,,,,,,,,"[{'screen_name': 'guvtz', 'name': 'VTZâ„¢', 'id': '1192821432461475840'}]",,,,
1371249784686804993,1371249784686804993,2021-03-14 18:59:59 CDT,2021-03-14,18:59:59,-0500,300320695,ioptimizerealty,iOptimize RealtyÂ®,,The Benefits of Suburban Office Locations #CRE #Office #TenantTips #COVID-19  https://t.co/zKZQOidfJu,en,[],['https://hubs.ly/H0J4ZTT0'],[],0,0,0,"['cre', 'office', 'tenanttips', 'covid']",[],https://twitter.com/iOptimizeRealty/status/1371249784686804993,False,,0,,,,,,,,[],,,,
1371249784326135817,1371249784326135817,2021-03-14 18:59:59 CDT,2021-03-14,18:59:59,-0500,275708902,nrhinds,Nick hinds,,Seeing Louisville fans begging a team to get covid is next level UL shit,en,[],[],[],1,0,4,[],[],https://twitter.com/nrhinds/status/1371249784326135817,False,,0,,,,,,,,[],,,,
1371249783462060037,1371210983507689475,2021-03-14 18:59:59 CDT,2021-03-14,18:59:59,-0500,2228553188,florlagos_,Catherine,,@adriantual Coronavirus cheeeeck,en,[],[],[],1,0,1,[],[],https://twitter.com/Florlagos_/status/1371249783462060037,False,,0,,,,,,,,"[{'screen_name': 'adriantual', 'name': 'chino', 'id': '1010515759'}]",,,,
1371249783319359491,1371249783319359491,2021-03-14 18:59:59 CDT,2021-03-14,18:59:59,-0500,2479076719,data_covid19,Live Corona Virus Data,,"Total Coronavirus Cases: 120,401,413 Current Deaths: 2,664,662 Total Recoveries: 96,945,284  #Coronavirus #Corona #Covid19 #CoronaVirusUpdate",ca,[],[],[],0,1,2,"['coronavirus', 'corona', 'covid19', 'coronavirusupdate']",[],https://twitter.com/data_covid19/status/1371249783319359491,False,,0,,,,,,,,[],,,,
1371249779792039936,1371249779792039936,2021-03-14 18:59:58 CDT,2021-03-14,18:59:58,-0500,2357333648,janemrkz,Jane,,"Quem saiu de casa, aglomerou e roteou covid por aÃ­ quando tinha 1000 mortos falando como se nÃ£o tivesse responsabilidade nenhuma sobre os 2 mil, vocÃªs acham que chegou a esse nÃºmero pq???",pt,[],[],[],1,3,7,[],[],https://twitter.com/janemrkz/status/1371249779792039936,False,,0,,,,,,,,[],,,,
1371249779649433602,1371249779649433602,2021-03-14 18:59:58 CDT,2021-03-14,18:59:58,-0500,1295075529440337922,blastenvy,âœ¨Charlotteâœ¨,,Si on avait pas eu le COVID SNK ce serait fini le 9 mars,fr,[],[],[],0,1,17,[],[],https://twitter.com/BlastEnvy/status/1371249779649433602,False,,0,,,,,,,,[],,,,
1371249777678123009,1371248571379503106,2021-03-14 18:59:58 CDT,2021-03-14,18:59:58,-0500,430253596,savagesusannah,Susannah Savage,,And more recently I interviewed a VSO youth activist who thanks to the charity was working to raise awareness of Covid-19 and help his community in rural Bangladesh.   https://t.co/92cEvF4wEn,en,[],['https://www.telegraph.co.uk/global-health/climate-and-people/coronavirus-exposes-deep-divide-bangladeshi-society/'],[],0,0,1,[],[],https://twitter.com/SavageSusannah/status/1371249777678123009,False,,0,,,,,,,,[],,,,
1371249777367674882,1371164451529953282,2021-03-14 18:59:58 CDT,2021-03-14,18:59:58,-0500,19239448,mr_eking,Mr. E. King - {ğŸ¤´},,"@RepDLesko @arizonapbs Also, how can you possibly know when the COVID crisis is going to end? Can you see the future?",en,[],[],[],0,0,0,[],[],https://twitter.com/mr_eking/status/1371249777367674882,False,,0,,,,,,,,"[{'screen_name': 'RepDLesko', 'name': 'Congresswoman Debbie Lesko', 'id': '996094929733652481'}, {'screen_name': 'arizonapbs', 'name': 'Arizona PBS', 'id': '22696550'}]",,,,
1371249777254486016,1371249777254486016,2021-03-14 18:59:58 CDT,2021-03-14,18:59:58,-0500,22707958,tejaskat,TejasKat,,"Hey, Joe! @POTUS @JoeBiden You need to  FINISH BUILDING THE WALL! STOP the FLOODING of #ILLEGALaliens  #MS13 #Gangs #Coyotes #OTMs  What's wrong with you that you would put the American ppl at risk?  #article25 - #MentallyUNFIT #IMPEACHJoeBidenNOW #COVID19 #REMOVEJoeBiden",en,"[{'screen_name': 'potus', 'name': 'president biden', 'id': '1349149096909668363'}, {'screen_name': 'joebiden', 'name': 'joe biden', 'id': '939091'}]",[],[],0,0,0,"['illegalaliens', 'ms13', 'gangs', 'coyotes', 'otms', 'article25', 'mentallyunfit', 'impeachjoebidennow', 'covid19', 'removejoebiden']",[],https://twitter.com/TejasKat/status/1371249777254486016,False,,0,,,,,,,,[],,,,
1371249775702511616,1371208586240614403,2021-03-14 18:59:57 CDT,2021-03-14,18:59:57,-0500,1088416234230726656,esimolini,Eduardo Simolini,,@MollieeWalkerr Makes zero sense. So sick and tired of hearing  about COVID protocol lists,en,[],[],[],0,0,0,[],[],https://twitter.com/ESimolini/status/1371249775702511616,False,,0,,,,,,,,"[{'screen_name': 'MollieeWalkerr', 'name': 'Mollie Walker', 'id': '4133204999'}]",,,,
1371249775505457153,1371249775505457153,2021-03-14 18:59:57 CDT,2021-03-14,18:59:57,-0500,1136788079757484032,aj_8_deadly_sin,Â© aj t8dsâ„¢ #blacklivesmatter,,GTA5 Online Funny Moments - Missions with the Coronavirus!  https://t.co/bUQPSn2xFH @Terroriser I didnâ€™t know u had COVID Iâ€™m glad u r feeling better,en,"[{'screen_name': 'terroriser', 'name': 'tÎ¾rrorisÎ¾r', 'id': '296124687'}]",['https://youtu.be/kC8GHpyr9QA'],[],0,0,1,[],[],https://twitter.com/aj_8_deadly_sin/status/1371249775505457153,False,,0,,,,,,,,[],,,,
1371249775123652608,1371249775123652608,2021-03-14 18:59:57 CDT,2021-03-14,18:59:57,-0500,1268248938953404417,realnafyz2k21,Nafi NAFY-Z Ashshakur,,"This is some very interesting stuff on COVID-19 and how to take it down! Trust me, I know mainly everything that's in this source from Facebook.  â¬‡ï¸â¬‡ï¸  https://t.co/EWJriPzs27",en,[],['https://www.instagram.com/coronavirus_info'],[],0,5,5,[],[],https://twitter.com/RealNAFYZ2K21/status/1371249775123652608,False,,0,,,,,,,,[],,,,
1371249772560982019,1371095047689666569,2021-03-14 18:59:57 CDT,2021-03-14,18:59:57,-0500,1224010716807684097,skippyisnuts,Skippy,,"@B52Malmet Particularly when crises drive people into close proximity and then you immediately drop all restrictions on gathering, restaurants, etc.  Thank God the flu was severely restrained by COVID restrictions.",en,[],[],[],0,0,0,[],[],https://twitter.com/SkippyIsNuts/status/1371249772560982019,False,,0,,,,,,,,"[{'screen_name': 'B52Malmet', 'name': 'Barbara Malmet', 'id': '2876041031'}]",,,,
1371249770556223490,1371249770556223490,2021-03-14 18:59:56 CDT,2021-03-14,18:59:56,-0500,4475790993,weranowplaying,WERA 96.7 FM - LIVE,,"DJJACK_RADIO_STATIONHEAD - ""DRR Covid Set #1""",en,[],[],[],0,0,0,[],[],https://twitter.com/WERANowPlaying/status/1371249770556223490,False,,0,,,,,,,,[],,,,
1371249768979177473,1371249768979177473,2021-03-14 18:59:56 CDT,2021-03-14,18:59:56,-0500,1853115696,pgatourkevin,Kevin Prise,,"An American adventure. ğŸ‡ºğŸ‡¸ â›³ï¸  On the road from Jax to Cajun country for my sixth @LouisianaOpen!  After 2020 event cancelled due to COVID, an honor to head back to Acadiana.   #KornFerryCommute  https://t.co/p26HN8c8jl",en,"[{'screen_name': 'louisianaopen', 'name': 'chitimacha la open', 'id': '4859466168'}]",[],"['https://pbs.twimg.com/media/EweoVVKXEAIT5Di.jpg', 'https://pbs.twimg.com/media/EweoVVNWQAYMpJ-.jpg', 'https://pbs.twimg.com/media/EweoVVNWQAgWHWl.jpg', 'https://pbs.twimg.com/media/EweoVVOWQAIs7kB.jpg']",3,0,39,['kornferrycommute'],[],https://twitter.com/PGATOURKevin/status/1371249768979177473,False,,1,https://pbs.twimg.com/media/EweoVVKXEAIT5Di.jpg,,,,,,,[],,,,
1371249768714833923,1371249768714833923,2021-03-14 18:59:56 CDT,2021-03-14,18:59:56,-0500,842529181606936576,ikiiixxx,potixxx,,"FLASHBACK: It was a year ago  today, on a Sunday, nasa bahay ako, relaxing on my day off. Pero yun na pala ang start ng unlimited day off ko. Wala na pala akong babalikang trabaho. Community lockdown due to Covid19 happened. (1)",tl,[],[],[],1,0,5,[],[],https://twitter.com/ikiIIxxx/status/1371249768714833923,False,,0,,,,,,,,[],,,,
1371249767137878026,1371175413108645895,2021-03-14 18:59:55 CDT,2021-03-14,18:59:55,-0500,26522213,camvinay,Vinay,,@ElizabethEThorp @SRichards0228 Ugh the misinformation is rampant abt covid &amp; vaccines. ğŸ¥±ğŸ¥±,en,[],[],[],0,0,0,[],[],https://twitter.com/camvinay/status/1371249767137878026,False,,0,,,,,,,,"[{'screen_name': 'ElizabethEThorp', 'name': 'Elizabeth Thorp', 'id': '2833177377'}, {'screen_name': 'SRichards0228', 'name': 'Hedy Lamarr-Radical Left Lunatic Leader', 'id': '1351601023907983364'}]",,,,
1371249767070720004,1371249767070720004,2021-03-14 18:59:55 CDT,2021-03-14,18:59:55,-0500,15535860,nbcsandiego,NBC 7 San Diego,,Duke Students on COVID Lockdown for a Week Over â€˜Rapidly Escalating' Outbreak  https://t.co/R9p5DOzHbO,en,[],['http://on.nbc7.com/gnnUTsS'],[],0,3,2,[],[],https://twitter.com/nbcsandiego/status/1371249767070720004,False,,0,,,,,,,,[],,,,
1371249764998733824,1370911087160389640,2021-03-14 18:59:55 CDT,2021-03-14,18:59:55,-0500,235707464,bubblygum1983,#Make Britain Sane Again,,"@MissLiane65 @steverino629 My husband was working with two people last week, jabbed felt ill with covid symptoms and still at work.   Brilliant isn't it? ğŸ¤¦",en,[],[],[],0,0,1,[],[],https://twitter.com/bubblygum1983/status/1371249764998733824,False,,0,,,,,,,,"[{'screen_name': 'MissLiane65', 'name': 'English Rose', 'id': '838649364058877954'}, {'screen_name': 'steverino629', 'name': 'Steve Clarke ğŸŒ¸ğŸŒ¸ğŸŒ¸ğŸŒ¸', 'id': '1211941912942272512'}]",,,,
1371249764449316865,1371249764449316865,2021-03-14 18:59:55 CDT,2021-03-14,18:59:55,-0500,1264718186,850wftl,850 WFTL,,"Long lines expected at state vaccination sites with lower age eligibility â€“ 850 WFTL  https://t.co/uLmfwk19NP Younger people will be eligible for a COVID vaccine tomorrow, Monday.  #COVIDVaccination",en,[],['https://www.850wftl.com/long-lines-expected-at-state-vaccination-sites-with-lower-age-eligibility/'],[],0,0,0,['covidvaccination'],[],https://twitter.com/850WFTL/status/1371249764449316865,False,,0,,,,,,,,[],,,,
1371249762352128001,1371249762352128001,2021-03-14 18:59:54 CDT,2021-03-14,18:59:54,-0500,1298809666042986496,spotted_ufpr,Spotted UFPR,,"#3294 #OFFSpottedUFPR VocÃª nÃ£o vai ter uma vida pra anular se acabar sufocando atÃ© a morte por causa de covid.  ""Ah! Mas eu trabalho e pego busÃ£o lotado...mimimi... quero trepÃ¡!""  Pois Ã©, e com as coisas que vc nÃ£o tem controle como trabalho/trasporte pÃºblico tu jÃ¡ corre um",pt,[],[],[],1,0,0,['offspottedufpr'],[],https://twitter.com/spotted_ufpr/status/1371249762352128001,False,,0,,,,,,,,[],,,,
1371249759835541509,1371249759835541509,2021-03-14 18:59:53 CDT,2021-03-14,18:59:53,-0500,15012486,cbsnews,CBS News,,Inside 60 Minutes' first report on COVID-19  https://t.co/lD3CzohlLa,en,[],['https://cbsn.ws/3eE7aIo'],[],3,13,48,[],[],https://twitter.com/CBSNews/status/1371249759835541509,False,,0,,,,,,,,[],,,,
1371249759810433024,1371249759810433024,2021-03-14 18:59:53 CDT,2021-03-14,18:59:53,-0500,944013480,sopisconews,sopisconews,,"â€œWhat weâ€™re doing now on a monthly basis is what most companies are doing on an annual basis,â€ Serum Institute of Indiaâ€™s CEO said of the companyâ€™s Covid-19 vaccine production   https://t.co/ljS70rbmDF via @WSJ",en,"[{'screen_name': 'wsj', 'name': 'the wall street journal', 'id': '3108351'}]",['https://www.wsj.com/articles/u-s-taps-indian-covid-19-vaccine-production-prowess-to-inoculate-indo-pacific-11615719604?reflink=desktopwebshare_twitter'],[],0,0,0,[],[],https://twitter.com/sopisconews/status/1371249759810433024,False,,0,,,,,,,,[],,,,
1371249759126745096,1371249759126745096,2021-03-14 18:59:53 CDT,2021-03-14,18:59:53,-0500,1222651065214128129,ericklopes57,#01 ï£¿,,COVID eu te odeio,pt,[],[],[],0,0,0,[],[],https://twitter.com/ericklopes57/status/1371249759126745096,False,,0,,,,,,,,[],,,,
1371249756308144129,1371062416390361088,2021-03-14 18:59:53 CDT,2021-03-14,18:59:53,-0500,259963996,sue1138,Sue Dando,,@LucasArcady @Coronavirusgoo1 @EssexPR Thatâ€™s funny because I know no one who has had a blood clot due to a vaccine but lost my father to COVID so that balances out your stupid argument,en,[],[],[],0,0,0,[],[],https://twitter.com/sue1138/status/1371249756308144129,False,,0,,,,,,,,"[{'screen_name': 'LucasArcady', 'name': 'LibertineLuke', 'id': '103731365'}, {'screen_name': 'Coronavirusgoo1', 'name': 'Coronavirus good news', 'id': '1253665449008562178'}, {'screen_name': 'EssexPR', 'name': 'Adam Brooks', 'id': '41702018'}]",,,,
1371249756270395395,1371249756270395395,2021-03-14 18:59:53 CDT,2021-03-14,18:59:53,-0500,93931259,paraguaycom,Paraguay.com,,#AMPLIAMOS Coronavirus en Paraguay: 20 decesos y mÃ¡s de 900 infectados  https://t.co/tssDDoIxsj #NPY #NosConecta  https://t.co/cZySdBDS2S,es,[],['https://bit.ly/3rMvDyF'],['https://pbs.twimg.com/media/EweoXn4XAAADkuI.jpg'],1,1,1,"['ampliamos', 'npy', 'nosconecta']",[],https://twitter.com/paraguaycom/status/1371249756270395395,False,,1,https://pbs.twimg.com/media/EweoXn4XAAADkuI.jpg,,,,,,,[],,,,
1371249754664013827,1371249754664013827,2021-03-14 18:59:52 CDT,2021-03-14,18:59:52,-0500,242925132,telrojo,TelÃ©fono Rojo,,Enrique Alfaro reclama a AMLO que vacunas contra Covid-19 no hay llegado a Zapopan ni a Guadalajara   https://t.co/qUUgaG3kkE,es,[],['https://telefonorojo.mx/enrique-alfaro-reclama-a-amlo-que-vacunas-contra-covid-19-no-hay-llegado-a-zapopan-ni-a-guadalajara/'],[],0,1,1,[],[],https://twitter.com/TelRojo/status/1371249754664013827,False,,0,,,,,,,,[],,,,
1371249754072612866,1371249754072612866,2021-03-14 18:59:52 CDT,2021-03-14,18:59:52,-0500,56105171,cabrestosemno,agnelo regis,,Brasil tem 1.138 mortes por Covid em 24h e bate novo recorde na mÃ©dia mÃ³vel  https://t.co/YL8WSUF3I9,pt,[],['https://www.brasil247.com/coronavirus/brasil-tem-1-138-mortes-por-covid-em-24h-e-bate-novo-recorde-na-media-movel'],[],0,0,0,[],[],https://twitter.com/cabrestosemno/status/1371249754072612866,False,,0,,,,,,,,[],,,,
1371249753388941317,1371225232271368192,2021-03-14 18:59:52 CDT,2021-03-14,18:59:52,-0500,4869436815,maarcosgui,Marcoxxx,,"@erikaviaana @PortalTracklist @Troxiane_Mari Virou doenÃ§a, tÃ¡ pior que o COVID",pt,[],[],[],1,0,0,[],[],https://twitter.com/maarcosgui/status/1371249753388941317,False,,0,,,,,,,,"[{'screen_name': 'erikaviaana', 'name': 'Ã©rika', 'id': '1263676169628549122'}, {'screen_name': 'Troxiane_Mari', 'name': 'mari', 'id': '3527806757'}]",,,,
1371249753221173256,1371249753221173256,2021-03-14 18:59:52 CDT,2021-03-14,18:59:52,-0500,1262515056442572800,_bxrta,Duda ğŸ“– Um de NÃ³s EstÃ¡ Mentindo,,"entrei no facebook hoje sÃ³ desgraÃ§a, meu vizinho morreu ontem, meu parente morreu de covid essa semana e eu chego no tt com fdp querendo abrir o lockdown que sÃ³ ocorre nos finais de semana.",pt,[],[],[],0,0,0,[],[],https://twitter.com/_bxrta/status/1371249753221173256,False,,0,,,,,,,,[],,,,
1371249751862173697,1371103183066529793,2021-03-14 18:59:52 CDT,2021-03-14,18:59:52,-0500,760202360723480577,lucca_bruce,ğ•­ğ–Šğ–ˆğ–ğ–ğ–†ğ–’ ğ•½ğ–†ğ–ğ–Ÿğ–Šğ–‘ ğŸ‡ªğŸ‡¸ğŸ¦ #Kobe4erverğŸ’›ğŸ’œ,,@OBrasilDireita1 @sandrabrasilia Vai q Ã© tua covid 19,pt,[],[],[],0,0,0,[],[],https://twitter.com/lucca_bruce/status/1371249751862173697,False,,0,,,,,,,,"[{'screen_name': 'OBrasilDireita1', 'name': 'O Brasil Ã‰ Direita ğŸ‡§ğŸ‡·ğŸ‡§ğŸ‡·ğŸ‡§ğŸ‡·ğŸ’›ğŸ’™ğŸ’š', 'id': '1350520993081683969'}, {'screen_name': 'sandrabrasilia', 'name': 'Wendy Weintraub 2026 ğŸ‡§ğŸ‡·', 'id': '177048412'}]",,,,
1371249751681769473,1371249751681769473,2021-03-14 18:59:52 CDT,2021-03-14,18:59:52,-0500,3257433655,deadkrisss,krisğŸ€£,,im just thinking abt how in a few years theres gonna be art pieces up everywhere revolving around masks and covid like i can already see a big ass mask made of regular masks sculpture in the middle of union square,en,[],[],[],1,0,3,[],[],https://twitter.com/deadkrisss/status/1371249751681769473,False,,0,,,,,,,,[],,,,
1371249750754750469,1371223284230934535,2021-03-14 18:59:51 CDT,2021-03-14,18:59:51,-0500,1189038652023697409,daveytwotones,Tgg,,@KramerCentric Better than the covid â€˜expertsâ€™ thatâ€™s for sure,en,[],[],[],0,0,2,[],[],https://twitter.com/Daveytwotones/status/1371249750754750469,False,,0,,,,,,,,"[{'screen_name': 'KramerCentric', 'name': 'Ryan Kramer', 'id': '40093926'}]",,,,
1371249750700404737,1371249750700404737,2021-03-14 18:59:51 CDT,2021-03-14,18:59:51,-0500,17379685,nbcla,NBC Los Angeles,,Duke Students on COVID Lockdown for a Week Over â€˜Rapidly Escalating' Outbreak  https://t.co/9TCJ1KOQ5O,en,[],['http://4.nbcla.com/nUKHyBs'],[],1,0,3,[],[],https://twitter.com/NBCLA/status/1371249750700404737,False,,0,,,,,,,,[],,,,
1371249750322905088,1371249750322905088,2021-03-14 18:59:51 CDT,2021-03-14,18:59:51,-0500,2405013356,harvy0501,Ramses Ramirez,,"Flexible : con el uso del tapaboca en pantorrilla.  Limitada : si no compras las gotas milagrosas. Es importante  resaltar que "" ha volvido"" una bacilate del covid.",es,[],[],[],0,0,0,[],[],https://twitter.com/harvy0501/status/1371249750322905088,False,https://twitter.com/Watcher_Ven/status/1371236316009132041,0,,,,,,,,[],,,,
1371249750125780992,1371249750125780992,2021-03-14 18:59:51 CDT,2021-03-14,18:59:51,-0500,15480566,dianaberrent,Diana Zicklin Berrent,,â€˜Pray for a miracleâ€™: Covid long-haulers fight debilitating symptoms a year later  https://t.co/AOXIqUgyql via @nbcnews #LongCovid #LongCovidKids @Survivor_Corps,en,"[{'screen_name': 'nbcnews', 'name': 'nbc news', 'id': '14173315'}, {'screen_name': 'survivor_corps', 'name': 'survivor corps', 'id': '1243976208154529795'}]",['https://www.nbcnews.com/video/-pray-for-a-miracle-covid-long-haulers-fight-debilitating-symptoms-a-year-later-102192709794'],[],0,2,5,"['longcovid', 'longcovidkids']",[],https://twitter.com/dianaberrent/status/1371249750125780992,False,,0,,,,,,,,[],,,,
1371249749421035527,1371164205273935873,2021-03-14 18:59:51 CDT,2021-03-14,18:59:51,-0500,1361734458534031363,covid_stinks,Masking_Stu (2),,"@BeaconSave @ThomasM41479744 @bcliberals And a vote for liberal around Beacon Hill wouldâ€™ve been a throw-away vote. So, voting by conscience or what makes us feel good isnâ€™t really an option. We knew the NDP was going to form a majority government, so vote NDP &amp; you MIGHT be able influence them ...",en,[],[],[],0,0,0,[],[],https://twitter.com/Covid_Stinks/status/1371249749421035527,False,,0,,,,,,,,"[{'screen_name': 'BeaconSave', 'name': 'Save Beacon Hill Park', 'id': '1283419814380236800'}, {'screen_name': 'ThomasM41479744', 'name': 'Thomas McDonald', 'id': '1288285103399948291'}, {'screen_name': 'bcliberals', 'name': 'BC Liberals', 'id': '17664756'}]",,,,
1371249749324668931,1371249749324668931,2021-03-14 18:59:51 CDT,2021-03-14,18:59:51,-0500,3014627013,marisolestevezd,Marisol EstÃ©vez,,Ourense suma casi dos semanas sin muertos covid y Celanova registra ya cero casos ğŸ™ŒğŸ¼ğŸ™ŒğŸ¼ğŸ™ŒğŸ¼  https://t.co/vDr4TpB7cc,es,[],['https://www.laregion.es/articulo/ourense/directo-feijoo-explica-medidas-anunciadas-comite/202102221153531008257.html'],[],0,0,1,[],[],https://twitter.com/marisolestevezd/status/1371249749324668931,False,,0,,,,,,,,[],,,,
1371249748145958913,1371249748145958913,2021-03-14 18:59:51 CDT,2021-03-14,18:59:51,-0500,906452009238138880,stevencabalo,"JMS Cabalo, LPT",,"Today marks the first lockdown anniversary of Metro Manila, Philippines. As the country grapples with COVID-19 up to this day, the Philippines is yet to recover from the devastating effects of the pandemic. #PHLockdown #COVID19PH",en,[],[],[],0,0,0,"['phlockdown', 'covid19ph']",[],https://twitter.com/StevenCabalo/status/1371249748145958913,False,,0,,,,,,,,[],,,,
1371249747810349057,1371249747810349057,2021-03-14 18:59:51 CDT,2021-03-14,18:59:51,-0500,1343588273457922048,yourealldunces,Ignatius J. Reilly,,"James Corbett Interview - COVID-19 Censorship, Technocracy &amp; The Amazing Country Of Digital Gulag  https://t.co/l8WqsgJwu7",en,[],['https://www.pscp.tv/w/cx1JdzFEWUVYbHd3a3ZSRWd8MWxER0xwa2xtb29HbYChzXs1415xkIXQ5lSYxr0Eg5k7VhUe_B25cjZtqe1P'],[],4,56,92,[],[],https://twitter.com/YoureAllDunces/status/1371249747810349057,False,,0,,,,,,,,[],,,,
1371249747592425475,1371249747592425475,2021-03-14 18:59:51 CDT,2021-03-14,18:59:51,-0500,2824599782,tuiteoyaracuy,Tuiteo Yaracuy,,Â¡INCREÃBLE! Como si nada pasara: reportan gran afluencia de personas en Guatire este #13Mar pese a radicalizaciÃ³n y aumentos de casos de covid-19  https://t.co/QTs2DajpfF,es,[],[],['https://pbs.twimg.com/media/EweoYR-W8AMcwC-.jpg'],0,0,0,['13mar'],[],https://twitter.com/TuiteoYaracuy/status/1371249747592425475,False,,1,https://pbs.twimg.com/media/EweoYR-W8AMcwC-.jpg,,,,,,,[],,,,
1371249743360258048,1371141182927990790,2021-03-14 18:59:50 CDT,2021-03-14,18:59:50,-0500,1264782511193812992,richieofpi1,Richie of Pi,,@CAgovernor @GavinNewsom You kept them closed and still couldnâ€™t control the virus. Your actions were wrong and your messaging is wrong. We will never get rid of covid. We have to learn to manage it and live with it,en,[],[],[],2,2,22,[],[],https://twitter.com/RichieofPi1/status/1371249743360258048,False,,0,,,,,,,,"[{'screen_name': 'CAgovernor', 'name': 'Office of the Governor of California', 'id': '38349184'}, {'screen_name': 'GavinNewsom', 'name': 'Gavin Newsom', 'id': '11347122'}]",,,,
1371249742743764995,1371249742743764995,2021-03-14 18:59:49 CDT,2021-03-14,18:59:49,-0500,1254531235889786886,pedroinxcio,pÑ”dÑiĞ¸,,minha mae ta com covid n paro um minuto de pensar nela,pt,[],[],[],6,0,3,[],[],https://twitter.com/pedroinxcio/status/1371249742743764995,False,,0,,,,,,,,[],,,,
1371249737446395908,1371249737446395908,2021-03-14 18:59:48 CDT,2021-03-14,18:59:48,-0500,864600908373667841,grazibosing,Grazi ğŸ‡µğŸ‡±,,Quem ja passou por covid sabe se essa dor no corpo e fraqueza Ã© normal?,pt,[],[],[],2,0,1,[],[],https://twitter.com/Grazibosing/status/1371249737446395908,False,,0,,,,,,,,[],,,,
1371249736951468035,1371190923208622080,2021-03-14 18:59:48 CDT,2021-03-14,18:59:48,-0500,4602461836,obrdalex,Alex,,"@t_chvt @GuillaumeCabri1 @lcsrosaa @SamuelEtienne Oui mais il est en exÃ©cutif ca n'aurait pas pu Ãªtre""dÃ©tente"" en pleine pandÃ©mie sinon demain il y aurai eu le scoop de la journÃ©e "" Castex en roue libre en pÃ©riode de Covid"".",fr,[],[],[],1,0,9,[],[],https://twitter.com/ObrdAlex/status/1371249736951468035,False,,0,,,,,,,,"[{'screen_name': 't_chvt', 'name': 'yzo', 'id': '915642212456783872'}, {'screen_name': 'GuillaumeCabri1', 'name': 'Guigui', 'id': '469516486'}, {'screen_name': 'lcsrosaa', 'name': 'Lucas ğŸ™†ğŸ»\u200dâ™‚ï¸', 'id': '1084188372078338048'}, {'screen_name': 'SamuelEtienne', 'name': 'Samuel Etienne', 'id': '190266167'}]",,,,
1371249736708190210,1371210523505754113,2021-03-14 18:59:48 CDT,2021-03-14,18:59:48,-0500,1283193241932898304,sebasti57304198,sebastian,,"@izkia Disculpe seÃ±ora izkia, la estimo y todo. Pero LA MESA COVID NO TIENE NIUN PESO CONTRA EL GOBIERNO",es,[],[],[],0,0,1,[],[],https://twitter.com/sebasti57304198/status/1371249736708190210,False,,0,,,,,,,,"[{'screen_name': 'izkia', 'name': 'Izkia Siches PastÃ©n', 'id': '52534878'}]",,,,
1371249735340756992,1370840127749038084,2021-03-14 18:59:48 CDT,2021-03-14,18:59:48,-0500,1321632918356152329,banfoolish,Foolish Ban,,"@Bornforbarn @TheBreakdownAB Seriously, what challenge?  If these churches said, â€œOur entire congregation has to meet at 10:00 on Sundays because the bible says x, y, and z and we interpret that as...â€  I would say, â€œOkay, but we need to get this COVID thing under control, how can we accommodate you?â€ 1/2",en,[],[],[],1,0,2,[],[],https://twitter.com/BanFoolish/status/1371249735340756992,False,,0,,,,,,,,"[{'screen_name': 'Bornforbarn', 'name': 'Henry the CERB Horse', 'id': '792020970'}, {'screen_name': 'TheBreakdownAB', 'name': 'The Breakdown', 'id': '1126026707771650048'}]",,,,
1371249734673862656,1371190815825948676,2021-03-14 18:59:47 CDT,2021-03-14,18:59:47,-0500,832850485895847937,the1ryanohli,Ryan Ohlinger,,"@JeongPark52 @sacbee_news So much for free covid articles, huh @sacbee_news?",en,"[{'screen_name': 'sacbee_news', 'name': 'the sacramento bee', 'id': '14411304'}]",[],[],0,0,0,[],[],https://twitter.com/the1RyanOhli/status/1371249734673862656,False,,0,,,,,,,,"[{'screen_name': 'JeongPark52', 'name': 'Jeong Park', 'id': '2161601605'}, {'screen_name': 'sacbee_news', 'name': 'The Sacramento Bee', 'id': '14411304'}]",,,,
1371249733063217153,1371249733063217153,2021-03-14 18:59:47 CDT,2021-03-14,18:59:47,-0500,193566462,impishchimp,Curious George,,"BC's takeaway after a year of Covid: ""We failed no one, we did the best we could with OUR pandemic."" #bcpoli",en,[],[],[],3,7,31,['bcpoli'],[],https://twitter.com/impishchimp/status/1371249733063217153,False,https://twitter.com/a_longhurst/status/1371182753006329856,0,,,,,,,,[],,,,
1371249730076966912,1371249730076966912,2021-03-14 18:59:46 CDT,2021-03-14,18:59:46,-0500,1312265407047163904,tripurateer,Short News,,"A year ago, getting poked in the ribcage by people trying to board a Mumbai local during rush hour was the only danger standing in a throng of hundreds posed. In March 2020, when the World Health Organisation declared COVID-19 a global pandemic,  # # # #   https://t.co/3qZCrcd9op",en,[],['https://bit.ly/2PY92RH'],[],0,0,0,[],[],https://twitter.com/tripurateer/status/1371249730076966912,False,,0,,,,,,,,[],,,,
1371249729758199808,1371038346487681026,2021-03-14 18:59:46 CDT,2021-03-14,18:59:46,-0500,1215737098994667522,pangrowlin,Simon,,@mushinstoic @KevinLougachi @BeverleyJB @robert_spalding @crankyactivist @naomirwolf Itâ€™s analogous of how COVID particles spread less when one wears a mask compared to when they do not,en,[],[],[],0,0,0,[],[],https://twitter.com/Pangrowlin/status/1371249729758199808,False,,0,,,,,,,,"[{'screen_name': 'mushinstoic', 'name': '~', 'id': '1270620754728685569'}, {'screen_name': 'KevinLougachi', 'name': 'Kevin Lougachi', 'id': '1663755230'}, {'screen_name': 'BeverleyJB', 'name': 'BJBğŸ’™ ğŸŸªâ¬œï¸ğŸŸ©', 'id': '21242235'}, {'screen_name': 'robert_spalding', 'name': 'General Spalding', 'id': '14308180'}, {'screen_name': 'crankyactivist', 'name': 'Rosemary Kean', 'id': '279814537'}, {'screen_name': 'naomirwolf', 'name': 'Dr Naomi Wolf', 'id': '289420613'}]",,,,
1371249728961323012,1371043815155511300,2021-03-14 18:59:46 CDT,2021-03-14,18:59:46,-0500,584688961,inma_cervera,Inma Cervera,,@ccarballo50 8 millones para la investigaciÃ³n de la vacuna covid.  Y:  300 millones para rescatar Mediapro 125 millones para rescatar Plus Ultra 100 millones en publicidad institucional,es,[],[],[],0,1,2,[],[],https://twitter.com/Inma_Cervera/status/1371249728961323012,False,,0,,,,,,,,"[{'screen_name': 'ccarballo50', 'name': 'Cesar Carballo', 'id': '2564080395'}]",,,,
1371249728650948608,1371248854826377219,2021-03-14 18:59:46 CDT,2021-03-14,18:59:46,-0500,2821715625,alexamorim06,Alex Pai de 2,,@susalvs Se nÃ£o morrer de covid morre na festa,pt,[],[],[],0,0,0,[],[],https://twitter.com/alexamorim06/status/1371249728650948608,False,,0,,,,,,,,"[{'screen_name': 'susalvs', 'name': 'bad wolf', 'id': '529458885'}]",,,,
1371249728604794882,1371248339795255303,2021-03-14 18:59:46 CDT,2021-03-14,18:59:46,-0500,145746395,intermexe,ğ“’ğ“ªğ“½ğ“ªğ“»ğ“²ğ“·ğ“ª ğ“¡ğ“¸ğ“¾ğ“¼ğ“¼ğ“®ğ“¯ ğ“­ ğ“¢ğ“²ğ“µğ“¿ğ“ª ğŸ‡­ğŸ‡°,,"@MatheusDuart95 Vc estÃ¡ equivocado. Ele jÃ¡ tinha destaque no meio academico, alÃ©m do programa no Jovem Nerd, porÃ©m este paÃ­s comemorando nÃ£o Ã© o fim do covid e sim as regras de contenÃ§Ã£o que foram abortadas nesta regiÃ£o apenas. Outros paÃ­ses comemoraram tb e jÃ¡ voltaram ao isolamento.",pt,[],[],[],1,0,0,[],[],https://twitter.com/Intermexe/status/1371249728604794882,False,,0,,,,,,,,[],,,,
1371249728260816904,1371249728260816904,2021-03-14 18:59:46 CDT,2021-03-14,18:59:46,-0500,757975264911626240,bethanabc,Amser Babi Cymraeg,,"12 mis yn Ã´l pan gysylltodd @RowlandsCatrin nes i gytuno yn ddiniwed iawn i gadw cofnod, drwy fideo, o effaith Covid ar ein bywydau. Doedd gen i ddim syniad mor heriol fyddai'r 12 mis!  Llongyfarchiadau i'r tÃ®m ar gasglu storÃ¯au 50 o bobl a llwyddo i gywasgu'r cwbwl i 80 munud!",cy,"[{'screen_name': 'rowlandscatrin', 'name': 'catrin rowlands', 'id': '2714325278'}]",[],[],1,2,7,[],[],https://twitter.com/BethanAbc/status/1371249728260816904,False,https://twitter.com/FilmsKailash/status/1369917282634305539,0,,,,,,,,[],,,,
1371249725857468421,1371249725857468421,2021-03-14 18:59:45 CDT,2021-03-14,18:59:45,-0500,269447694,theonlycolors,The Only Colors,,Coach Izzo says that a lot of teams above MSU in the bracket seem to have gotten an advantage by *not* playing games. He wonders if what it was a mistake to play so quickly after the COVID pause.,en,[],[],[],3,10,192,[],[],https://twitter.com/TheOnlyColors/status/1371249725857468421,False,,0,,,,,,,,[],,,,
1371249725140254724,1371167853244780550,2021-03-14 18:59:45 CDT,2021-03-14,18:59:45,-0500,1286004597069352960,chieflyofhope,PolyMoth v3.0.,,"@MiceloDePau @markoftheD @jcm247 @BpsmithUk @beajayemac @startmakingsens @HereBeProof @tfoale @IanNicholson52 Thank you, but Iâ€™m good, point is we can all learn. Reflect and be *really* f*cking compassionate... be aware of your words, they lead people down paths.. â€˜horreadâ€™ indeed  At the moment Iâ€™m somewhere between lurking and reaching out.   Covid is real  âœŒï¸   https://t.co/LY26n1930g",en,[],['https://awfullybigblogadventure.blogspot.com/2017/01/darlingreach-out-by-dawn-finch.html?m=1'],[],0,0,1,[],[],https://twitter.com/Chieflyofhope/status/1371249725140254724,False,,0,,,,,,,,"[{'screen_name': 'MiceloDePau', 'name': 'Micelo ğŸ‡ªğŸ‡º', 'id': '1313469278906183682'}, {'screen_name': 'markoftheD', 'name': ""Dr Mark D'Arcy"", 'id': '868438459287040000'}, {'screen_name': 'jcm247', 'name': 'judy mcdowell', 'id': '155900566'}, {'screen_name': 'BpsmithUk', 'name': 'Bryan Smith #RejoinEU', 'id': '2827556878'}, {'screen_name': 'beajayemac', 'name': 'bruce macfarlane #RejoinEU A49', 'id': '794249524369879040'}, {'screen_name': 'startmakingsens', 'name': 'MrSensible', 'id': '962298250387746817'}, {'screen_name': 'HereBeProof', 'name': 'Proof in the Putting', 'id': '3110077936'}, {'screen_name': 'tfoale', 'name': 'QuantumChoices 3.5% #FBPE ğŸ’™', 'id': '18303339'}, {'screen_name': 'IanNicholson52', 'name': 'Ian NicholsonğŸ‡ªğŸ‡ºğŸ‡ªğŸ‡¸ğŸ‡¬ğŸ‡§', 'id': '394872164'}]",,,,
1371249724548911106,1371249724548911106,2021-03-14 18:59:45 CDT,2021-03-14,18:59:45,-0500,64289093,valeria_c_alves,valÃ©ria,,"Agradecer Ã  Deus em dose dupla, nosso amigo/irmÃ£o JosÃ© Gilberto, Duda, jÃ¡ estÃ¡ em casa, com falta de ar, mas estÃ¡ vencendo a Covid, 16 dias de UTI",pt,[],[],[],0,0,3,[],[],https://twitter.com/Valeria_C_Alves/status/1371249724548911106,False,,0,,,,,,,,[],,,,
1371249724368560128,1371218741996965894,2021-03-14 18:59:45 CDT,2021-03-14,18:59:45,-0500,76497437,adeniison30,Adenilson silva,,"@Jocimarcl @rgsheila Ola Boa noite. se puderem ajudar ou compartilhar, ""Vakinha""de minha cirurgia q preciso fazer,para voltar a trabalhar e sustentar minha familia.devido A pandemia,onde moro tudo esta parado devido ao covid(Manaus-AM)se puder dar essa forÃ§a eu agradeÃ§o. OBGğŸ™  https://t.co/TbJPqAkw5F",pt,[],['http://vaka.me/1354345'],[],1,0,0,[],[],https://twitter.com/adeniIson30/status/1371249724368560128,False,,0,,,,,,,,"[{'screen_name': 'Jocimarcl', 'name': '@jclopes', 'id': '233026900'}, {'screen_name': 'rgsheila', 'name': 'sheila ribeiro', 'id': '199275541'}]",,,,
1371249723898785794,1371074982114103304,2021-03-14 18:59:45 CDT,2021-03-14,18:59:45,-0500,21444701,gojiberto,Gojiberto VACINADO! â˜¢ï¸,,"@jairbolsonaro CaÃ­ram as mortes por coronavirus, finalmente?",pt,[],[],[],0,0,0,[],[],https://twitter.com/gojiberto/status/1371249723898785794,False,,0,,,,,,,,"[{'screen_name': 'jairbolsonaro', 'name': 'Jair M. Bolsonaro', 'id': '128372940'}]",,,,
1371249723751985155,1371249723751985155,2021-03-14 18:59:45 CDT,2021-03-14,18:59:45,-0500,53580228,aleeeferrari,â–º Alejandro Ferrari Arbor,,"No lloras por Formosa o por los 53.000 muertos por Covid? De la inacciÃ³n de Cabandie ante los incendios en el sur, nada? De los bolsos con millones de Lufrano, nada?   (Twitter for Iphone)  https://t.co/Cgvkz07KNJ",es,[],['https://twitter.com/OfeFernandez_/status/1371203724530479107'],[],0,0,0,[],[],https://twitter.com/aleeeferrari/status/1371249723751985155,False,0,0,,,,,,,,[],,,,
1371249723055738883,1370889590865858560,2021-03-14 18:59:45 CDT,2021-03-14,18:59:45,-0500,66705101,marcodenani,Marco Denani,,@GustavoNegreiro AlÃ©m do COVID a Ivermectina mata parasitas tambÃ©m.,pt,[],[],[],0,0,0,[],[],https://twitter.com/marcodenani/status/1371249723055738883,False,,0,,,,,,,,"[{'screen_name': 'GustavoNegreiro', 'name': 'Gustavo Negreiros', 'id': '57723615'}]",,,,
1371249721503797248,1371192611151691776,2021-03-14 18:59:44 CDT,2021-03-14,18:59:44,-0500,371796656,cuaimarella,anarella gÃ¡mez,,"@Rosangela976 @ThirdErnie El director de mi escuela dijo en consejo de maestros: aquÃ­ hay maestros que creen que el coronavirus es como la lepra, estaba molesto por mi negativa y la de mi compaÃ±era, de asistir en semana de flexibilidad, le dije: no, es peor porque la lepra se puede observar, el corona no.",es,[],[],[],1,0,1,[],[],https://twitter.com/cuaimarella/status/1371249721503797248,False,,0,,,,,,,,"[{'screen_name': 'Rosangela976', 'name': 'Rosa A.', 'id': '1278519838525267968'}, {'screen_name': 'ThirdErnie', 'name': 'Ernestin', 'id': '1266526005738512384'}]",,,,
1371249721306648576,1371249721306648576,2021-03-14 18:59:44 CDT,2021-03-14,18:59:44,-0500,1150380129018929152,realgeorgemand1,â€œwill this ever endâ€,,â¦@GeoRebekahâ© â¦@nikkifriedâ©  Rebekah Jones tried to warn us about Covid-19. Now her freedom is on the line #SmartNews   https://t.co/KxMOZogUPo,en,"[{'screen_name': 'georebekah', 'name': 'rebekah jones #vaccinated', 'id': '2579571584'}, {'screen_name': 'nikkifried', 'name': 'nikki fried', 'id': '37190669'}]",['https://www.cosmopolitan.com/politics/a35714647/rebekah-jones-florida-covid-19-data-whistleblower-arrest/'],[],0,0,0,['smartnews'],[],https://twitter.com/realgeorgemand1/status/1371249721306648576,False,,0,,,,,,,,[],,,,
1371249715891830789,1371249715891830789,2021-03-14 18:59:43 CDT,2021-03-14,18:59:43,-0500,1306629670356615168,sinfiltroar,Sinfiltro,,#VacunasCOVID19  La OrganizaciÃ³n Mundial de Comercio dividida inicia el debate por la exenciÃ³n de patentes de las vacunas anti Covid-19  https://t.co/qDwWQYYwh4,es,[],['https://sinfiltro.ar/la-organizacion-mundial-de-comercio-dividida-inicia-el-debate-por-la-exencion-de-patentes-de-las-vacunas-anti-covid-19/'],[],0,0,1,['vacunascovid19'],[],https://twitter.com/Sinfiltroar/status/1371249715891830789,False,,0,,,,,,,,[],,,,
1371249715468251137,1371238441451675650,2021-03-14 18:59:43 CDT,2021-03-14,18:59:43,-0500,1093341547293302789,thais_breder,tatiba,,@thgribeiro_ @Myllembra @Ale18mp @vitsstoria Covid nos tirou tudo,pt,[],[],[],0,0,0,[],[],https://twitter.com/thais_breder/status/1371249715468251137,False,,0,,,,,,,,"[{'screen_name': 'thgribeiro_', 'name': 'thay', 'id': '844389900589895680'}, {'screen_name': 'Myllembra', 'name': 'mylembra', 'id': '801481939064590336'}, {'screen_name': 'Ale18mp', 'name': 'Alessandra Machado', 'id': '1442320228793274379'}, {'screen_name': 'vitsstoria', 'name': 'VitÃ³ria sÃ³ no nome', 'id': '1141052171233955841'}]",,,,
1371249715304615938,1371219549941534725,2021-03-14 18:59:43 CDT,2021-03-14,18:59:43,-0500,1311100273419583490,leo98585773,Leo y Opino,,@esantacruz21 @Subrayado @mariapaolini5 Y ahÃ­ despuÃ©s te encajan COVID,es,[],[],[],0,0,1,[],[],https://twitter.com/Leo98585773/status/1371249715304615938,False,,0,,,,,,,,"[{'screen_name': 'esantacruz21', 'name': 'esantacruz21', 'id': '1107200303156396033'}, {'screen_name': 'Subrayado', 'name': 'Subrayado', 'id': '124230776'}, {'screen_name': 'mariapaolini5', 'name': 'Maria Paolini', 'id': '1692759114'}]",,,,
1371249715124318217,1371249715124318217,2021-03-14 18:59:43 CDT,2021-03-14,18:59:43,-0500,851294259500253185,wirescold,ğŸ‡µğŸ‡¸ #MarcoTemporalNao,,gente pq tÃ¡ todo mundo sem mÃ¡scara no grammy por acaso o covid desapareceu e ngm me disse,pt,[],[],[],0,0,1,[],[],https://twitter.com/wirescold/status/1371249715124318217,False,,0,,,,,,,,[],,,,
1371249713907970052,1371241890608250886,2021-03-14 18:59:43 CDT,2021-03-14,18:59:43,-0500,1000844846,estradali32,Enrique Estrada,,"@KarlaCalle Una madre no se cansa de esperar, a su hijo (a) enfermo de #covid19, sin noticias del hospital, pero con la fe en Dios y la Virgen MarÃ­a que algÃºn dÃ­a regresarÃ¡ a casa, una madre no se cansa de esperar....",es,[],[],[],0,7,23,['covid19'],[],https://twitter.com/EstradaLi32/status/1371249713907970052,False,,0,,,,,,,,"[{'screen_name': 'KarlaCalle', 'name': 'Karla Calle', 'id': '97840455'}]",,,,
1371249712557346822,1371187149261963264,2021-03-14 18:59:42 CDT,2021-03-14,18:59:42,-0500,1103457037504122880,patrick47728705,P47R1CKğŸ‡§ğŸ‡·,,@Vytoryozosports @sergioribeiro04 @BobjeffHD Ainda nÃ£o foram contabilizados os falsos positivos. Vide PCR de mamÃ£o com covid na AustrÃ¡lia.,pt,[],[],[],0,0,0,[],[],https://twitter.com/Patrick47728705/status/1371249712557346822,False,,0,,,,,,,,"[{'screen_name': 'sergioribeiro04', 'name': 'SÃ©rgio Ribeiro', 'id': '357093639'}]",,,,
1371249712209137664,1371249240614264838,2021-03-14 18:59:42 CDT,2021-03-14,18:59:42,-0500,1029770300555112448,holliswift13,"â€œItâ€™s Holli, isnâ€™t it?â€",,@ReadyForIt1989 I think itâ€™s because of covid which I understand and donâ€™t blame her. Sheâ€™s been so cautious.,en,[],[],[],1,0,4,[],[],https://twitter.com/holliswift13/status/1371249712209137664,False,,0,,,,,,,,"[{'screen_name': 'ReadyForIt1989', 'name': 'Kinley âœ¨', 'id': '929453253758210053'}]",,,,
1371249709839355904,1371249709839355904,2021-03-14 18:59:42 CDT,2021-03-14,18:59:42,-0500,1365862137437040640,veddermorales,Morales KlartextğŸ‡¨ğŸ‡±EfrainğŸ‡©ğŸ‡ªâ¤ï¸ğŸ‘ŠAllende LebtâœŠâ¤ï¸,,"Cerrar,Mall$,Casino$, Gimnasio$,Aeropuerto$ , Constructora$, Metro$, hasta que esta Controlado Pandemia,El  Covid19 No es Juego.  https://t.co/5T3LpvzTlv",es,[],[],"['https://pbs.twimg.com/media/EweoUCUWUAMt-1I.jpg', 'https://pbs.twimg.com/media/EweoUvSXAAINyfd.jpg', 'https://pbs.twimg.com/media/EweoU82XMAIA1Rv.jpg', 'https://pbs.twimg.com/media/EweoVcyXIAUyk-L.jpg']",0,0,0,[],[],https://twitter.com/VedderMorales/status/1371249709839355904,False,https://twitter.com/izkia/status/1371210523505754113,1,https://pbs.twimg.com/media/EweoUCUWUAMt-1I.jpg,,,,,,,[],,,,
1371249708652433410,1371249708652433410,2021-03-14 18:59:41 CDT,2021-03-14,18:59:41,-0500,101056158,silopezp,#EstaSalaCunaNoEsUniversal,,"En Santiago de Chile se dan las cifras mÃ¡s altas de COVID-19, pero funcionan Jardines Infantiles y Colegios. INEXPLICABLE @defensorianinez @UNICEFenEspanol @UNESCOSantiago @observaninez @ONU_derechos @inddhh",es,"[{'screen_name': 'defensorianinez', 'name': 'defensorÃ­a de la niÃ±ez', 'id': '1007282317151305728'}, {'screen_name': 'unicefenespanol', 'name': 'unicef en espaÃ±ol', 'id': '211918976'}, {'screen_name': 'unescosantiago', 'name': 'orealc/unesco santiago, oficina reg. de #educaciÃ³n', 'id': '78995896'}, {'screen_name': 'observaninez', 'name': 'observatorio niÃ±ez y adolescencia', 'id': '1479883177'}, {'screen_name': 'onu_derechos', 'name': 'onu derechos humanos - amÃ©rica del sur', 'id': '139727749'}, {'screen_name': 'inddhh', 'name': 'indh chile', 'id': '183315665'}]",[],[],0,0,0,[],[],https://twitter.com/silopezp/status/1371249708652433410,False,,0,,,,,,,,[],,,,
1371249707540905984,1371248106616983555,2021-03-14 18:59:41 CDT,2021-03-14,18:59:41,-0500,33018599,pandorasdragon,Pandoras Dragon,,"@HiddenCash My husband is a team builder with sroentertainers and all the games he offers he's had to revise for COVID, it's not hard to play but you do have to have a larger playing area",en,[],[],[],0,0,0,[],[],https://twitter.com/PandorasDragon/status/1371249707540905984,False,,0,,,,,,,,"[{'screen_name': 'HiddenCash', 'name': 'Hidden Cash', 'id': '2517117270'}]",,,,
1371249706463035393,1371228349171908609,2021-03-14 18:59:41 CDT,2021-03-14,18:59:41,-0500,1259804977213714433,studdoliver,Oliver Studd,,@MoriartyProfJ3 @northerness @RobertSyms @NadineDorries He voted in favour of coronavirus restrictions which are screwing with people's lives and causing more suffering &amp; deaths.  To see he cares simply about how many people voted for him shows he's only interested in remaining in power - just like most MPs.,en,[],[],[],1,0,0,[],[],https://twitter.com/StuddOliver/status/1371249706463035393,False,,0,,,,,,,,"[{'screen_name': 'MoriartyProfJ3', 'name': 'Moriarty', 'id': '1346583554029998081'}, {'screen_name': 'northerness', 'name': 'Northern Lass', 'id': '30935020'}, {'screen_name': 'RobertSyms', 'name': 'Sir Robert Syms MP', 'id': '2202981242'}, {'screen_name': 'NadineDorries', 'name': 'Nadine Dorries', 'id': '457060718'}]",,,,
1371249705749913600,1371249705749913600,2021-03-14 18:59:41 CDT,2021-03-14,18:59:41,-0500,99726817,ryu_bi,ã®ã‚€ãƒãƒ£ãƒ³ãƒãƒ«ãƒ¼ğŸ¥ï¼ˆå¤¢ã¯æ´ã¿å–ã‚‹ã‚‚ã®ï¼‰ğŸ•Š ğŸ‡³ğŸ‡·âœ–ï¸ğŸ‡¯ğŸ‡µ,,[ãŠçŸ¥ã‚‰ã›]COVID-19ã¯é¢¨é‚ªã§ã¯ãªã„ã§ã™ã€‚æœªæ›¾æœ‰ã®äº‹æ…‹ã‚’å½“ãŸã‚Šå‰ã¨æ€ã‚ãªã„ã§ãã ã•ã„ã€‚#StayHome #æ„ŸæŸ“ã—ãªã„æ„ŸæŸ“ã•ã›ãªã„ #ä»Šã¯æˆ‘æ…¢ã—ã‚ˆã† #è‡ªç²› #è‹¥è€…ã¸ãƒ¡ãƒƒã‚»ãƒ¼ã‚¸ #ä»–äººäº‹ã˜ã‚ƒãªã„ #è‹¥è€…ã§ã‚‚æ„ŸæŸ“ã¯ã™ã‚‹,ja,[],[],[],0,0,0,"['stayhome', 'æ„ŸæŸ“ã—ãªã„æ„ŸæŸ“ã•ã›ãªã„', 'ä»Šã¯æˆ‘æ…¢ã—ã‚ˆã†', 'è‡ªç²›', 'è‹¥è€…ã¸ãƒ¡ãƒƒã‚»ãƒ¼ã‚¸', 'ä»–äººäº‹ã˜ã‚ƒãªã„', 'è‹¥è€…ã§ã‚‚æ„ŸæŸ“ã¯ã™ã‚‹']",[],https://twitter.com/ryu_bi/status/1371249705749913600,False,,0,,,,,,,,[],,,,
1371249703535308801,1369310649726205956,2021-03-14 18:59:40 CDT,2021-03-14,18:59:40,-0500,3166500865,twityouk,wek,,@xzing NM looking at School Bus COVID safety? What are the policies and procedures? # students permitted on a 65 passenger school bus? Spacing of students? 6 ft radius? Wipe-down procedures between routes? Increased air filtration &amp; circulation? Vaccinate drivers &amp; school-bus aides?,en,[],[],[],0,0,0,[],[],https://twitter.com/twityouk/status/1371249703535308801,False,,0,,,,,,,,"[{'screen_name': 'xzing', 'name': 'xzing', 'id': '15069069'}]",,,,
1371249701639614468,1371249701639614468,2021-03-14 18:59:40 CDT,2021-03-14,18:59:40,-0500,1264228367559208960,jenny_hart_,Jenny Hart,,(1) 60 minutes (CBS) just emphasized Covid's ability to evolve &amp; mutate at an accelerated rate. But no one is (yet) acknowledging that beyond re-infection by Covid there will  very possibly be potential simultaneous Covid infections by different variants @jenny_hart_,en,"[{'screen_name': 'jenny_hart_', 'name': 'jenny hart', 'id': '1264228367559208960'}]",[],[],2,0,0,[],[],https://twitter.com/jenny_hart_/status/1371249701639614468,False,https://twitter.com/jenny_hart_/status/1370086543579344904,0,,,,,,,,[],,,,
1371249701572505601,1371169375135408130,2021-03-14 18:59:40 CDT,2021-03-14,18:59:40,-0500,159488705,tmf1405,Tania tmf,,@WeintraubGovSP @jdoriajr Que os cÃ©us mande uma chuva de coronavirus nessa orda ordinÃ¡ria #ForaBolsonaroGenocida  https://t.co/eq6hAKs3xL,pt,[],[],['https://pbs.twimg.com/media/EweoVh0WEAEAb0X.jpg'],0,0,0,['forabolsonarogenocida'],[],https://twitter.com/tmf1405/status/1371249701572505601,False,,1,https://pbs.twimg.com/media/EweoVh0WEAEAb0X.jpg,,,,,,,"[{'screen_name': 'Weintraubgovsp', 'name': 'Weintraub', 'id': '1425546657895231491'}, {'screen_name': 'jdoriajr', 'name': 'JoÃ£o Doria', 'id': '64706049'}]",,,,
1371249701337624578,1371177635762610178,2021-03-14 18:59:40 CDT,2021-03-14,18:59:40,-0500,235365702,vandasp,Vanda MartinsğŸ’‰ğŸ‡§ğŸ‡·ğŸ’›ğŸ’š #foracoiso,,"@andrefernm Kd sua mÃ¡scara imbecil!? Just to be clear: a que protege do Covid, nao a que vcs negacionistas usam todos os dias ğŸ˜·ğŸ˜·ğŸ˜·",pt,[],[],[],0,0,0,[],[],https://twitter.com/VandaSP/status/1371249701337624578,False,,0,,,,,,,,"[{'screen_name': 'andrefernm', 'name': 'AndrÃ© Fernandes', 'id': '360231929'}]",,,,
1371249699441762310,1371249699441762310,2021-03-14 18:59:39 CDT,2021-03-14,18:59:39,-0500,223903013,gabyebs,Gaby,,Ya entre   -Meterse con menores de edad por motivos polÃ­ticos -Defender la violencia como mÃ©todo de crianza  -Negacionistas del COVID  De verdad la disociaciÃ³n es una cosa seria.,es,[],[],[],6,60,110,[],[],https://twitter.com/Gabyebs/status/1371249699441762310,False,,0,,,,,,,,[],,,,
1371249699198537728,1371249699198537728,2021-03-14 18:59:39 CDT,2021-03-14,18:59:39,-0500,330634279,mkraft_31,Mike Kraft,,"Final Four: COVID, Coronavirus, COVID-19, Gonzaga. #MarchMadness #SelectionSunday",en,[],[],[],0,0,0,"['marchmadness', 'selectionsunday']",[],https://twitter.com/Mkraft_31/status/1371249699198537728,False,https://twitter.com/SportsCenter/status/1371230450346295298,0,,,,,,,,[],,,,
1371249697130745859,1371119964267151362,2021-03-14 18:59:39 CDT,2021-03-14,18:59:39,-0500,923436324,sorayapinheiro1,Soraya(Sol) #Dia07EuVou,,@villela206 Isso faz parte do covidÃ£o. Um morto por covid vale 18 mil reais para a prefeitura. EstÃ¡ explicado.  Vergonhoso! esses ladrÃµes nÃ£o perdem chance de faturar em cima de mentiras.,pt,[],[],[],0,0,0,[],[],https://twitter.com/sorayapinheiro1/status/1371249697130745859,False,,0,,,,,,,,"[{'screen_name': 'villela206', 'name': 'Regina Villela', 'id': '1015342794641170437'}]",,,,
1371249697034285061,1371249697034285061,2021-03-14 18:59:39 CDT,2021-03-14,18:59:39,-0500,1241759596760489984,manojuoliveira1,Mano Ju Oliveira,,"#ObrigadoLula @LulaOficial  POR UNA AMÃ‰RICA LATINA LIVRE Y SOBERANA. #BoliviaSeLevanta   #LibertadParaAlexSaab   @AlmaYLucha #Cuba #Venezuela   #ForaBolsonaro Os Bolsonaros sÃ£o Mentirosos, Corruptos etc, enquanto isso os Brasileiros morrem de Covid e com #fome.  https://t.co/07NophPors",pt,"[{'screen_name': 'lulaoficial', 'name': 'lula', 'id': '2670726740'}, {'screen_name': 'almaylucha', 'name': 'alma y lucha', 'id': '621328103'}]",[],"['https://pbs.twimg.com/media/EweoVJjWQAIYd7x.jpg', 'https://pbs.twimg.com/media/EweoVJvWgAARFwY.jpg']",0,0,1,"['obrigadolula', 'boliviaselevanta', 'libertadparaalexsaab', 'cuba', 'venezuela', 'forabolsonaro', 'fome']",[],https://twitter.com/ManoJuOliveira1/status/1371249697034285061,False,https://twitter.com/jandira_feghali/status/1371135255042785291,1,https://pbs.twimg.com/media/EweoVJjWQAIYd7x.jpg,,,,,,,[],,,,
1371249694496727043,1371249694496727043,2021-03-14 18:59:38 CDT,2021-03-14,18:59:38,-0500,1193061739,atiliopetrocell,Atilio Petrocelli,,"Â¿QuÃ© es lo que harÃ­a por Usted, Sr. y/o Sra. Adulto Mayor, su Sistema Inmunitario si tienen en desarrollo CÃ¡ncer de PrÃ³stata y/o CÃ¡ncer de Endometrio, Insuficiencia Renal, Anemia FerropÃ©nica, muy bajo Calcio, y son contagiado por el Coronavirus?",es,[],[],[],1,1,1,[],[],https://twitter.com/atiliopetrocell/status/1371249694496727043,False,,0,,,,,,,,[],,,,
1371249693880156161,1371196641122848770,2021-03-14 18:59:38 CDT,2021-03-14,18:59:38,-0500,1262817384,marcobenatti_,Marco Benatti,,"@candura_alice Figliuolo, non si rende conto del nemico: il Covid19 non a letto ne â€œLâ€™arte della Guerraâ€ ne il manuale di Carl von Clausewitz, Ã¨ un virus!â€œ Vaccinare  chi passa...saturare i centri vaccinali (con quali vaccini), dar fuoco alle polveriâ€. 500mila al giorno x 6 mesi fa 90mil...ğŸ¤”",it,[],[],[],5,1,2,[],[],https://twitter.com/MarcoBenatti_/status/1371249693880156161,False,,0,,,,,,,,"[{'screen_name': 'candura_alice', 'name': 'Alice Candura', 'id': '4636768817'}]",,,,
1371249691745222660,1371249691745222660,2021-03-14 18:59:37 CDT,2021-03-14,18:59:37,-0500,1195391798685917184,newluckyone,gilson,,A dua lipa passando covid pra todos os presentes no grammy,pt,[],[],[],0,0,0,[],[],https://twitter.com/newluckyone/status/1371249691745222660,False,,0,,,,,,,,[],,,,
1371249691720097793,1371248673963786241,2021-03-14 18:59:37 CDT,2021-03-14,18:59:37,-0500,381684795,olgasuarez2,olga suarez,,@Gilbenn Sii como te pasan toneladas de Drogas hasta el Puerto no te van a llegar el Covid desde Brasil !!!!,es,[],[],[],0,0,2,[],[],https://twitter.com/olgasuarez2/status/1371249691720097793,False,,0,,,,,,,,"[{'screen_name': 'Gilbenn', 'name': 'Gilbenn ğŸ—¯ï¸ ğŸƒ ğŸŒ± ğŸŒŠ ğŸŒˆ', 'id': '964635271227723776'}]",,,,
1371249690985914370,1371249690985914370,2021-03-14 18:59:37 CDT,2021-03-14,18:59:37,-0500,805089864,azcourier,Saywhat-Politics,,Texas restaurant covered in racist graffiti after owner speaks out against lifting coronavirus restrictions  https://t.co/RlpcaxI4bg,en,[],['https://thehill.com/blogs/blog-briefing-room/news/543165-texas-restaurant-covered-in-racist-graffiti-after-owner-speaks#.YE6jY9Fq01c.twitter'],[],0,0,0,[],[],https://twitter.com/azcourier/status/1371249690985914370,False,,0,,,,,,,,[],,,,
1371249688729554947,1371249688729554947,2021-03-14 18:59:37 CDT,2021-03-14,18:59:37,-0500,3434047871,papas_spiros,Dum Spiro Spero,,"ÎÎ± ÎºÎ±Î¹ Î¼Î¹Î± Î¼ÎµÎ»ÎµÏ„Î· Ï€Î¿Ï… Î´ÎµÎ¹Ï‡Î½ÎµÎ¹ Î¿Ï„Î¹ Î¼ÎµÏ„Î± Î±Ï€Î¿ ÏƒÏ…Î³ÎºÎµÎ½Ï„ÏÏÏƒÎµÎ¹Ï‚ Î´Î¹Î±Î¼Î±ÏÏ„Ï…ÏÎ¯Î±Ï‚ Î±Ï…Î¾Î¬Î½Î¿Î½Ï„Î±Î¹ Ï„Î± ÎºÏÎ¿Ï…ÏƒÎ¼Î±Ï„Î± German anti-lockdown protests led to more coronavirus cases, study finds  https://t.co/PwImMjgQqv",und,[],['https://www.politico.eu/article/anti-corona-restrictions-protests-responsible-for-coronavirus-outbreak-study-shows/'],[],0,0,1,[],[],https://twitter.com/papas_spiros/status/1371249688729554947,False,,0,,,,,,,,[],,,,
1371249687618019330,1371249687618019330,2021-03-14 18:59:36 CDT,2021-03-14,18:59:36,-0500,484648514,capricorne_o,Roberto,," https://t.co/xHDbgpMPKs â¦@ProfLopalcoâ©. Non sono contrario alla vaccinazione anti covid, ma vorrei poterlo scegliere, sbagliato imporre un vaccino come AstraZeneca sospeso per approfondimenti in mezza Europa. In una ASL 700 su 900 prenotazioni hanno rifiutato tale vaccino",it,"[{'screen_name': 'proflopalco', 'name': 'pierluigi lopalco', 'id': '495882009'}]",['https://www.baritoday.it/cronaca/vaccini-lopalco-regno-unito-puglia-sicurezza.html'],[],1,1,0,[],[],https://twitter.com/capricorne_o/status/1371249687618019330,False,,0,,,,,,,,[],,,,
1371249687374757889,1371244791300812805,2021-03-14 18:59:36 CDT,2021-03-14,18:59:36,-0500,844715035,joyca13,jbalou,,"@AuthorofAbsurd @occhuckaranch Shouldn't our government be worried about infecting ""grandmas"" by covid positive illegals invading our borders?",en,[],[],[],0,0,1,[],[],https://twitter.com/joyca13/status/1371249687374757889,False,,0,,,,,,,,"[{'screen_name': 'AuthorofAbsurd', 'name': 'THATISABSURDITY.COM', 'id': '2683368271'}, {'screen_name': 'occhuckaranch', 'name': 'Garry Webster', 'id': '4409220563'}]",,,,
1371249686925967376,1371249686145826818,2021-03-14 18:59:36 CDT,2021-03-14,18:59:36,-0500,33427931,flowerocker,Flor VelÃ¡zquez,,He visto solo en navidad a mis abuelitos. Fue una navidad sÃºper bonita. He reproducido muchas plantas. Me dio Covid y no sentÃ­ que morÃ­a. Me dio gastroenteritis post covid y si sentÃ­ que morÃ­a una noche con 41 latidos por minuto.,es,[],[],[],1,0,0,[],[],https://twitter.com/flowerocker/status/1371249686925967376,False,,0,,,,,,,,[],,,,
1371249686082899970,1371249686082899970,2021-03-14 18:59:36 CDT,2021-03-14,18:59:36,-0500,1036251673705029632,keurpr,keur,,"esse caos do covid jÃ¡ me deixa no buraco, agora vivendo de perto, sÃ³ me afunda mais",pt,[],[],[],0,0,1,[],[],https://twitter.com/keurpr/status/1371249686082899970,False,,0,,,,,,,,[],,,,
1371249683507638274,1371248105719484418,2021-03-14 18:59:35 CDT,2021-03-14,18:59:35,-0500,213416952,_chocolitttyy_,ğ•‹ğ•šğ•–ğ•¤ğ•–.ğ•§ğ•¤.ğ”¼ğ•§ğ•–ğ•£ğ•ªğ•“ğ• ğ••ğ•ªâœ¨ğŸ«,,"@bobborinaldo Yeah I got the flu, COVID lol but not in the winter",en,[],[],[],1,0,0,[],[],https://twitter.com/_chocolitttyy_/status/1371249683507638274,False,,0,,,,,,,,"[{'screen_name': 'bobborinaldo', 'name': 'Bobby Rinaldi', 'id': '46041755'}]",,,,
1371249682865852418,1371247061522350081,2021-03-14 18:59:35 CDT,2021-03-14,18:59:35,-0500,2728224437,aleaguilera_a,Alejandro Aguilera,,"@SilvanaP95 Yo apoyÃ© mucho tiempo las restricciones, pero se volvieron una joda cuando permitÃ­an lo que les convenÃ­a a ellos, mientras el pyo morÃ­a de hambre y de covid.",es,[],[],[],0,0,0,[],[],https://twitter.com/aleaguilera_a/status/1371249682865852418,False,,0,,,,,,,,"[{'screen_name': 'SilvanaP95', 'name': 'Sp__', 'id': '43556645'}]",,,,
1371249681909579777,1371249681909579777,2021-03-14 18:59:35 CDT,2021-03-14,18:59:35,-0500,80092493,lfccs,Luis Felipe RamÃ­rez Hoyos,,Irlanda #Covid_19,es,[],[],[],0,0,0,['covid_19'],[],https://twitter.com/LFCCS/status/1371249681909579777,False,https://twitter.com/AP_Noticias/status/1371247779478130693,0,,,,,,,,[],,,,
1371249681137856512,1371247879872991233,2021-03-14 18:59:35 CDT,2021-03-14,18:59:35,-0500,1252784883476443137,bolsominionarr5,Naro Genocida,,"@AlineAr54855425 Pois no chÃ£o deveriam estar representadas todas as vÃ­timas do bolsonazi, ops da covid",pt,[],[],[],0,0,0,[],[],https://twitter.com/bolsominionarr5/status/1371249681137856512,False,,0,,,,,,,,"[{'screen_name': 'AlineAr54855425', 'name': '.....', 'id': '1130482503075155968'}]",,,,
